manufacturer,model,source_grade,existing_sxm_profile,official_landing_url,findings,gaps,source_manifest,source_files,source_urls
Akai Professional,APC mini mk2,ready-for-extraction,False,https://www.akaipro.com/downloads-and-support/downloads/,"Protocol maps clip pads 0x00–0x3F, track buttons 0x64–0x6B, scenes 0x70–0x77 and Shift 0x7A. Absolute faders CC 0x30–0x38 channel 0 port 0. LED Note-On channel specifies brightness/pulse/blink, velocity specifies palette. Owner guide v1.7 documents Ableton Port 2 input setup and editable Note Mode scale/octave/layout.",Ready to extract scalar subset only. Official user guide v1.7 recovered after earlier candidate path failures.; Session port 0 differs from Drum mode channel 09 and Note mode port 1/channel 00. Do not merge port/channel addresses.; RGB behavior channel is not necessarily input channel. Full custom RGB and initialization use SysEx. Source has literal typos (00x4F) and initialization response length ambiguity.,inmusic/manifest.json,inmusic/apc-mini-mk2/APC_mini_mk2_-_Communication_Protocol_-_v1.0.pdf | inmusic/apc-mini-mk2/APC_mini_mk2_User_Guide_v1.7.pdf,https://cdn.inmusicbrands.com/akai/attachments/APC%20mini%20mk2%20-%20Communication%20Protocol%20-%20v1.0.pdf | https://cdn.inmusicbrands.com/akai/apc-mini-mkii/APC%20mini%20mk2%20-%20User%20Guide%20-%20v1.7.pdf
Akai Professional,APC40 mkII,ready-for-extraction,False,https://www.akaipro.com/downloads-and-support/downloads/,"Protocol provides input Note IDs, absolute CCs, relative controls, LED/ring receive tables. Channel fields are zero-based; track faders use CC 0x07 on channels 0–7. Cue Level CC 0x2F and Tempo CC 0x0D have relative encoding +1..63 / -64..-1 as 64..127.","Mode 0 starts by default; track-selection changes banks without sending selection MIDI, and some buttons toggle. Modes 1/2 require SysEx introduction and have different host LED ownership.; Channel normalization must preserve zero-based source indexing. Ring style feedback and initialization exceed a simple per-control scalar mapping.; Source contains duplicated/misaligned labels and Cue Level in both absolute and relative tables; reconcile before import.",inmusic/manifest.json,inmusic/apc40-mkii/APC40Mk2_Communications_Protocol_v1.2.pdf | inmusic/apc40-mkii/APC40_mkII_User_Guide_v1.0.pdf,https://cdn.inmusicbrands.com/akai/attachments/apc40II/APC40Mk2_Communications_Protocol_v1.2.pdf | https://cdn.inmusicbrands.com/akai/attachments/apc40II/APC40%20mkII%20-%20User%20Guide%20-%20v1.0.pdf
Akai Professional,APC64,partial,False,https://www.akaipro.com/downloads-and-support/downloads/,Custom pad notes/channels and fader CCs are user editable. Chord mode channel 1 and drum mode channel 16 in Ableton; global drum notes configurable.,"No complete fixed MIDI map or host LED receive protocol acquired. Custom preset must be captured alongside profile.; Faders support Single (1 CC) or Double (2 CC); manual does not establish double-message numeric interpretation. Pads can send poly aftertouch, outside scalar Note/CC.; Editor color settings document local on/off behavior, not proof of host LED receive messages.",inmusic/manifest.json,inmusic/apc64/APC64_-_User_Guide_-_v1.0.pdf,https://cdn.inmusicbrands.com/akai/APC64/APC64%20-%20User%20Guide%20-%20v1.0.pdf
Akai Professional,MPD218,partial,False,https://www.akaipro.com/downloads-and-support/downloads/,Pads/knobs have three banks and 16 programs. Knobs send continuous-controller data. NR Config and Prog Select suppress normal pad MIDI while held.,No preset documentation or editor guide acquired; factory note/CC/channel assignments unresolved.; Pressure-sensitive pads and MIDI clock repeat cannot be reduced to Note/CC-only semantics. No LED receive protocol established.,inmusic/manifest.json,inmusic/mpd218/MPD218-UserGuide-v1.0.pdf,https://cdn.inmusicbrands.com/akai/attachments/MPD218/MPD218-UserGuide-v1.0.pdf
Allen & Heath,Xone:92 Mk2,ready-for-extraction,False,https://www.allen-heath.com/content/uploads/2024/10/Xone92-Mk2-User-Guide.pdf,"Small, explicit transmit-only implementation: filters CC12/13, crossfader CC92, optional internally configured data CC94. Clock/start-stop exceed current simple Note/CC scope.",,ni-hercules-ah/xone-92-mk2/manifest.json,ni-hercules-ah/xone-92-mk2/manual.pdf,https://www.allen-heath.com/content/uploads/2024/10/Xone92-Mk2-User-Guide.pdf
Allen & Heath,Xone:96,ready-for-extraction,False,https://support.allen-heath.com/hc/en-gb/articles/43053562464017-Xone-96-User-Guide,"PDF endpoints returned 403, but official full HTML user guide and MIDI implementation tables downloaded successfully. Explicit numeric send/receive matrix supports extraction.",,ni-hercules-ah/xone-96/manifest.json,ni-hercules-ah/xone-96/manual.html | ni-hercules-ah/xone-96/midi.html,https://support.allen-heath.com/hc/en-gb/articles/43053562464017-Xone-96-User-Guide | https://support.allen-heath.com/hc/en-gb/articles/43084536824849-Xone-96-MIDI-Implementation
Allen & Heath,XONE:K1,ready-for-extraction,True,https://www.allen-heath.com/content/uploads/2023/07/XoneK1_UG_AP9694_2.pdf,Original official PDF already archived; separate extracted text added here for indexing.,,ni-hercules-ah/xone-k1/manifest.json,../../../XtremeMapping/docs/controllers/xone-k1/sources/XoneK1_UG_AP9694_2.pdf,https://www.allen-heath.com/content/uploads/2023/07/XoneK1_UG_AP9694_2.pdf
Allen & Heath,XONE:K2,ready-for-extraction,True,https://www.allen-heath.com/content/uploads/2023/06/XoneK2_UG_AP8509_3.pdf,Original official PDF already archived; separate extracted text added here for indexing.,,ni-hercules-ah/xone-k2/manifest.json,../../../XtremeMapping/docs/controllers/xone-k2/sources/XoneK2_UG_AP8509_3.pdf,https://www.allen-heath.com/content/uploads/2023/06/XoneK2_UG_AP8509_3.pdf
Allen & Heath,XONE:K3,ready-for-extraction,True,https://support.allen-heath.com/hc/article_attachments/39744783045009,Factory Map(1) matches K2; per-control custom map and global channel choices require separate profile assumptions.,,ni-hercules-ah/xone-k3/manifest.json,../../../XtremeMapping/docs/controllers/xone-k3/sources/midi-send-01.png | ../../../XtremeMapping/docs/controllers/xone-k3/sources/midi-send-02.png | ../../../XtremeMapping/docs/controllers/xone-k3/sources/midi-send-03.png | ../../../XtremeMapping/docs/controllers/xone-k3/sources/midi-return-02.png | ../../../XtremeMapping/docs/controllers/xone-k3/sources/midi-return-01.png | ../../../XtremeMapping/docs/controllers/xone-k3/sources/Xone-K3-User-Guide.txt | ../../../XtremeMapping/docs/controllers/xone-k3/sources/Xone-Controller-Editor-Help.txt,https://support.allen-heath.com/hc/article_attachments/39744783045009 | https://support.allen-heath.com/hc/article_attachments/39744774054673 | https://support.allen-heath.com/hc/article_attachments/39744783047313 | https://support.allen-heath.com/hc/article_attachments/39744783050257 | https://support.allen-heath.com/hc/article_attachments/39744774056977 | https://support.allen-heath.com/hc/en-gb/articles/39744774067985-Xone-K3-User-Guide | https://support.allen-heath.com/hc/en-gb/articles/39744832920081-Xone-Controller-Editor-Help
Allen & Heath,Xone:PX5,partial,False,https://www.allen-heath.com/content/uploads/2023/06/AP10733_2_XONE_PX5_USER_GUIDE.pdf,"Extensive MIDI controls documented, but note names use C-2 in mapping while conversion table maps zero to C-1. Do not silently normalize conflicting octaves. CC portion is extractable; resolve Note numbers and return-value details first.",,ni-hercules-ah/xone-px5/manifest.json,ni-hercules-ah/xone-px5/manual.pdf | ni-hercules-ah/xone-px5/midi.html,https://www.allen-heath.com/content/uploads/2023/06/AP10733_2_XONE_PX5_USER_GUIDE.pdf | https://support.allen-heath.com/hc/en-gb/articles/43523536283409-Xone-PX5-MIDI-Control
AlphaTheta,CDJ-3000X,ready-for-extraction,False,https://support.alphatheta.com/en-US/articles/49578856455577,MIDI chart pp1–2 diagrams; pp3–4 transmit Note/CC controls and hardware-only exclusions. Owner p98 MIDI/HID DJ-software operation; p105 MIDI channel setting.,"Useful transport/input subset. Chart does not supply a complete host screen/LED receive protocol. Jog values encode signed speed around64, distinct from ordinary relative encoder increments. MIDI and HID operation must remain separate. Owner p99: enter SOURCE > SOFTWARE CONTROL; loading a track from another device exits control mode.",pioneer-alphatheta/manifest.json,pioneer-alphatheta/cdj-3000x/owner-manual.pdf | pioneer-alphatheta/cdj-3000x/midi-implementation.pdf,https://downloads.support.alphatheta.com/manuals/dj-players/CDJ-3000X/CDJ-3000X_DRI1956C_EN_manual.pdf | https://downloads.support.alphatheta.com/software_info/dj-players/CDJ-3000X/CDJ3000X_MIDI_Message_List_En.pdf
AlphaTheta,DDJ-GRV6,ready-for-extraction,False,https://support.alphatheta.com/en-US/articles/37071169629849,"MIDI chart pp.1–4: diagram, channel allocation, transport, mixer, Groove Circuit/FX and pad tables.","Strong documentation; arbitrary deck/Shift/mode routing, paired CCs and colored feedback need adaptation. Browse relative values are explicitly documented. Do not interpret hardware-specific function labels as Traktor assignments.",pioneer-alphatheta/manifest.json,pioneer-alphatheta/ddj-grv6/owner-manual.pdf | pioneer-alphatheta/ddj-grv6/midi-implementation.pdf,https://downloads.support.alphatheta.com/manuals/DDJ_GRV6_DRI1927A_manual.pdf | https://downloads.support.alphatheta.com/software_info/dj-controllers/DDJ-GRV6/DDJ-GRV6_MIDI_Message_List_E1.pdf
AlphaTheta,Euphonia,ready-for-extraction,False,https://downloads.support.alphatheta.com/manuals/euphonia_DRI1891A_manual.pdf,Existing manufacturer owner manual and MIDI message list archived in previous work. Profile implementation deferred by user priority.,"Re-audit exact transmit/receive scope and extract per-control evidence before implementing; this pass reuses archive, not new hardware verification.",../../../XtremeMapping/docs/controllers/euphonia/source-manifest.json,../../../XtremeMapping/docs/controllers/euphonia/sources/euphonia_DRI1891A_manual.pdf | ../../../XtremeMapping/docs/controllers/euphonia/sources/euphonia_MIDI_Message_List_E10.pdf,https://downloads.support.alphatheta.com/manuals/euphonia_DRI1891A_manual.pdf | https://downloads.support.alphatheta.com/software_info/dj-mixers/euphonia/euphonia_MIDI_Message_List_E10.pdf
AlphaTheta,OMNIS-DUO,ready-for-extraction,False,https://support.alphatheta.com/en-US/articles/26559298056217,"MIDI chart p1 diagram; pp2–3 channels, deck/mixer/browse and receive meter/indicator tables.","Suitable documented subset; paired tempo CCs, relative/speed jog behavior and per-deck channels need faithful encoding. Standalone operation does not imply every function can be remotely driven.",pioneer-alphatheta/manifest.json,pioneer-alphatheta/omnis-duo/owner-manual.pdf | pioneer-alphatheta/omnis-duo/midi-implementation.pdf,https://downloads.support.alphatheta.com/manuals/all-in-one-dj-systems/OMNIS-DUO/OMNIS_DUO_DRI1882B_manual.pdf | https://downloads.support.alphatheta.com/software_info/all-in-one-dj-systems/OMNIS-DUO/OMNIS-DUO_MIDI_Message_List_E1.pdf
AlphaTheta,SLAB,partial,False,https://support.alphatheta.com/en-US/articles/52906226059545,"MIDI chart pp1–4: control/pad/touch-strip mappings, page modes, aftertouch and colored receive. PDF p1 E1 encoder-mode row visually reviewed.","Unresolved source conflict: E1 decimal MIDI channel1 but status96 (channel7). Dial/encoder turn values are CW01/CCW41, not two’s-complement. Paired touch strip, poly aftertouch, arbitrary pages and RGB feedback need adaptation; quarantine contradictory row. Both unshifted note16 and shifted note17 show the E1 contradiction. Conservatively partial because this mode-control ambiguity remains, though other isolated rows are extractable.",pioneer-alphatheta/manifest.json,pioneer-alphatheta/slab/owner-manual.pdf | pioneer-alphatheta/slab/midi-implementation.pdf,https://downloads.support.alphatheta.com/manuals/music-production/SLAB/SLAB_DRI1975A_EN_manual.pdf | https://downloads.support.alphatheta.com/midi-mapping/music-production/SLAB/SLAB_MIDI_Message_List_en.pdf
AlphaTheta,XDJ-AZ,ready-for-extraction,False,https://support.alphatheta.com/en-US/articles/37072366390681,MIDI chart pp.1–4: channel matrix and send/receive; hardware-only entries; p4 jog LED/display-related values.,"Standalone controls are not all MIDI controls. Preserve hardware-only exclusions, mode routing and paired CCs; p4 angle-related pairs are not independent 7-bit knobs.",pioneer-alphatheta/manifest.json,pioneer-alphatheta/xdj-az/owner-manual.pdf | pioneer-alphatheta/xdj-az/midi-implementation.pdf,https://downloads.support.alphatheta.com/manuals/all-in-one-dj-systems/XDJ-AZ/XDJ-AZ_DRI1936C_manual_EN.pdf | https://downloads.support.alphatheta.com/software_info/all-in-one-dj-systems/XDJ-AZ/XDJ-AZ_MIDI_Message_List_E1.pdf
Denon DJ,LC6000 PRIME,ready-for-extraction,False,https://www.denondj.com/downloads.html,"Channel 1 Note inputs include Play 0x01, Cue 0x02, pads 0x20–0x27. Relative CC Auto Loop Size 0x03 and Select 0x06. LED note receive map includes dim/full states and pad palette.",Ready only to extract well-defined scalar subset; no claim of implemented readiness.; Jog uses double precision CC 0x37/0x36; pitch 0x08/0x28; do not collapse paired values into independent scalar controls.; Needle Drop double-precision table repeats CC 0x40 for both bytes: unresolved source ambiguity.; Wheel display explicitly requires SysEx; not available via manual MIDI mapping (p6).; Color table p7–9 decimal column is offset from hexadecimal (e.g. 1 vs 0x00 OFF); requires source/hardware resolution before palette import.,inmusic/manifest.json,inmusic/lc6000/LC6000_PRIME_-_User_Guide_-_v1.4.pdf | inmusic/lc6000/LC6000-PRIME-MIDI-Specification-v1.0.pdf,https://cdn.inmusicbrands.com/engine/LC6000%20PRIME%20-%20User%20Guide%20-%20v1.4.pdf | https://cdn.inmusicbrands.com/denondj/lc6000/LC6000-PRIME-MIDI-Specification-v1.0.pdf
Denon DJ,PRIME 4+,protocol-gap,False,https://www.denondj.com/downloads.html,"Computer Mode sends/receives MIDI; standalone features and control descriptions are operational documentation, not an address map.",No complete manufacturer Note/CC address/channel chart or LED receive protocol was located in acquired documentation. Do not infer from USB MIDI compatibility or Serato mapping.; Separate standalone Engine behavior from computer MIDI mode. No supported HID or proprietary protocol address mapping established.,inmusic/manifest.json,inmusic/denon-shared/PRIME_4_PRIME_4_PRIME_2_PRIME_GO_PRIME_GO_SC_LIVE_4_SC_LIVE_2_-_User_Guide_-_v5.0.0.pdf,https://cdn.inmusicbrands.com/Software/ENDJ5/PRIME%204%2C%20PRIME%204%2B%2C%20PRIME%202%2C%20PRIME%20GO%2C%20PRIME%20GO%2B%2C%20SC%20LIVE%204%2C%20SC%20LIVE%202%20-%20User%20Guide%20-%20v5.0.0.pdf
Denon DJ,PRIME GO+,protocol-gap,False,https://www.denondj.com/downloads.html,"Computer Mode sends/receives MIDI; standalone features and control descriptions are operational documentation, not an address map.",No complete manufacturer Note/CC address/channel chart or LED receive protocol was located in acquired documentation. Do not infer from USB MIDI compatibility or Serato mapping.; Separate standalone Engine behavior from computer MIDI mode. No supported HID or proprietary protocol address mapping established.,inmusic/manifest.json,inmusic/denon-shared/PRIME_4_PRIME_4_PRIME_2_PRIME_GO_PRIME_GO_SC_LIVE_4_SC_LIVE_2_-_User_Guide_-_v5.0.0.pdf,https://cdn.inmusicbrands.com/Software/ENDJ5/PRIME%204%2C%20PRIME%204%2B%2C%20PRIME%202%2C%20PRIME%20GO%2C%20PRIME%20GO%2B%2C%20SC%20LIVE%204%2C%20SC%20LIVE%202%20-%20User%20Guide%20-%20v5.0.0.pdf
Denon DJ,SC LIVE 4,protocol-gap,False,https://www.denondj.com/downloads.html,"Computer Mode sends/receives MIDI; standalone features and control descriptions are operational documentation, not an address map.",No complete manufacturer Note/CC address/channel chart or LED receive protocol was located in acquired documentation. Do not infer from USB MIDI compatibility or Serato mapping.; Separate standalone Engine behavior from computer MIDI mode. No supported HID or proprietary protocol address mapping established.,inmusic/manifest.json,inmusic/denon-shared/PRIME_4_PRIME_4_PRIME_2_PRIME_GO_PRIME_GO_SC_LIVE_4_SC_LIVE_2_-_User_Guide_-_v5.0.0.pdf,https://cdn.inmusicbrands.com/Software/ENDJ5/PRIME%204%2C%20PRIME%204%2B%2C%20PRIME%202%2C%20PRIME%20GO%2C%20PRIME%20GO%2B%2C%20SC%20LIVE%204%2C%20SC%20LIVE%202%20-%20User%20Guide%20-%20v5.0.0.pdf
Denon DJ,SC6000 PRIME,protocol-gap,False,https://www.denondj.com/downloads.html,USB computer connection and Computer Mode send/receive MIDI; no control address implementation chart found.,No complete manufacturer Note/CC address/channel chart or LED receive protocol was located in acquired documentation. Do not infer from USB MIDI compatibility or Serato mapping.; Jog precision and display feedback cannot be inferred from documented USB MIDI transport.,inmusic/manifest.json,inmusic/denon-shared/SC6000_PRIME_SC6000M_PRIME_SC5000_PRIME_SC5000M_PRIME_-_User_Guide_-_v5.0.0.pdf,https://cdn.inmusicbrands.com/Software/ENDJ5/SC6000%20PRIME%2C%20SC6000M%20PRIME%2C%20SC5000%20PRIME%2C%20SC5000M%20PRIME%20-%20User%20Guide%20-%20v5.0.0.pdf
Denon DJ,X1850 PRIME,protocol-gap,False,https://www.denondj.com/downloads.html,Utility MIDI menu separately enables Clock Send and Active Send per USB/DIN destination. Start/Stop button sends MIDI transport.,"No complete manufacturer Note/CC address/channel chart or LED receive protocol was located in acquired documentation. Do not infer from USB MIDI compatibility or Serato mapping.; Clock and transport are system messages, outside scalar Note/CC profile mapping.",inmusic/manifest.json,inmusic/x1850/X1850_PRIME_-_User_Guide_-_v1.4.pdf,https://cdn.inmusicbrands.com/denondj/X1850Prime/X1850 PRIME - User Guide - v1.4.pdf
DJ TechTools,Midi Fighter 3D,partial,False,https://djtechtools.com/midi-fighter-setup/,"User/MIDI guide pp.2-8,12; bank tables pp.14-17; motion chart p.18 visually inspected, animation p.19.",Source p.18 Edge Tilt table visibly contradicts p.7 CC0-7 prose (table contains note names and40/39/38/43). Channel nomenclature must be verified; quarantine conflicting motion rows rather than guess.,performance/manifest.json,performance/midi-fighter-3d/owner-and-midi-guide.pdf,https://drive.google.com/uc?export=download&id=0B-QvIds_FsH3OHhuZlpzVkM2QjQ
DJ TechTools,Midi Fighter Twister,partial,False,https://djtechtools.com/midi-fighter-setup/,"User/MIDI guide pp.2-8,14-16; default bank tables pp.17-24 and animation/color appendices.",Mixed channel numbering conventions across source sections require normalization by section and hardware verification; some earlier text still refers to four banks. Ready subset: default encoder/switch address tables with explicit zero-based convention.,performance/manifest.json,performance/midi-fighter-twister/owner-and-midi-guide.pdf,https://drive.google.com/uc?export=download&id=0B-QvIds_FsH3Z0ZLT041VnZfOTA
Faderfox,EC4,partial,False,https://www.faderfox.de/ec4.html,Owner/MIDI manual pp.6-7 feedback and special commands; pp.11-13 command/channel/address modes; p.15 factory table visually inspected.,"Original p.15 factory table extends beyond right page edge (visually verified), so do not silently repair clipped values. Special fixed SysEx description not linked by discovered current page. Ready subset: readable factory group ranges; full map requires resolving clipped table and special controls.",performance/manifest.json,performance/faderfox-ec4/owner-and-midi-guide.pdf,https://www.faderfox.de/PDF/EC4%20Manual%20V03.PDF
Faderfox,UC4,ready-for-extraction,False,https://www.faderfox.de/uc4.html,"Owner/MIDI manual pp.6,8-10 control modes, feedback and command configuration; p.13 factory tables visually inspected.","Source-ready for explicit generic factory setup subset. More than3 groups, special setups and configurable per-control channels require schema choices. CCr2 is binary-offset rather than twos-complement; highres CC/pitchbend/pressure are unsupported by current app.",performance/manifest.json,performance/faderfox-uc4/owner-and-midi-guide.pdf,https://www.faderfox.de/PDF/UC4%20Manual%20V03.PDF
Hercules,DJControl Inpulse 200 MK2,partial,False,https://support.hercules.com/en/product/djcontrolinpulse200mk2-en/,Official user manual/control descriptions archived; no complete manufacturer wire-address/LED chart found in the retrieved support resources. Software action mappings do not prove Note/CC values.,,ni-hercules-ah/djcontrolinpulse200mk2/manifest.json,ni-hercules-ah/djcontrolinpulse200mk2/support.html | ni-hercules-ah/djcontrolinpulse200mk2/manual.pdf | ni-hercules-ah/djcontrolinpulse200mk2/djuced-midi.html | ni-hercules-ah/djcontrolinpulse200mk2/djuced-midi.html,https://support.hercules.com/en/product/djcontrolinpulse200mk2-en/ | https://ts.hercules.com/download/sound/manuals/DJC_Inpulse_200_MK2/DJControl_Inpulse_200_MK2_User_Manual_-_21L.pdf | https://www.djuced.com/kb/hercules-djcontrol-inpulse-200-mk2-2023-mapping-and-manual/ | https://www.djuced.com/kb/hercules-djcontrol-inpulse-200-mk2-2023-manuel-et-controles-midi/
Hercules,DJControl Inpulse 200 MK3,partial,False,https://support.hercules.com/en/product/djcontrolinpulse200mk3-en/,Official user manual/control descriptions archived; no complete manufacturer wire-address/LED chart found in the retrieved support resources. Software action mappings do not prove Note/CC values. Added as a current-generation supplement discovered on current official support; retained MK2 as explicitly requested legacy model.,,ni-hercules-ah/djcontrolinpulse200mk3/manifest.json,ni-hercules-ah/djcontrolinpulse200mk3/support.html | ni-hercules-ah/djcontrolinpulse200mk3/manual.pdf,https://support.hercules.com/en/product/djcontrolinpulse200mk3-en/ | https://ts.hercules.com/download/sound/manuals/DJC_Inpulse_200_MK3/DJControl_Inpulse_200_MK3_User_Manual_-_21_Languages.pdf
Hercules,DJControl Inpulse 300 MK2,partial,False,https://support.hercules.com/en/product/djcontrolinpulse300mk2-en/,Official user manual/control descriptions archived; no complete manufacturer wire-address/LED chart found in the retrieved support resources. Software action mappings do not prove Note/CC values.,,ni-hercules-ah/djcontrolinpulse300mk2/manifest.json,ni-hercules-ah/djcontrolinpulse300mk2/support.html | ni-hercules-ah/djcontrolinpulse300mk2/manual.pdf | ni-hercules-ah/djcontrolinpulse300mk2/djuced-midi.html | ni-hercules-ah/djcontrolinpulse300mk2/djuced-midi.html,https://support.hercules.com/en/product/djcontrolinpulse300mk2-en/ | https://ts.hercules.com/download/sound/manuals/DJC_Inpulse_300_MK2/HERCULES_DJC_INPULSE_300MK2_-_USER_MANUAL_21_LANGUAGES.pdf | https://www.djuced.com/kb/hercules-djcontrol-inpulse-300-mk2-2023-mapping-and-manual/ | https://www.djuced.com/kb/hercules-djcontrol-inpulse-300-mk2-2023-manuel-et-controles-midi/
Hercules,DJControl Inpulse 500,ready-for-extraction,False,https://support.hercules.com/en/product/djcontrolinpulse500-en/,"Detailed official 14-page MIDI chart has Note/CC bytes, Shift and pad modes, relative encoders, paired MSB/LSB tempo and LED colors. Ready means extraction may begin; source anomalies require a review queue.",,ni-hercules-ah/djcontrolinpulse500/manifest.json,ni-hercules-ah/djcontrolinpulse500/support.html | ni-hercules-ah/djcontrolinpulse500/midi.pdf | ni-hercules-ah/djcontrolinpulse500/manual.pdf | ni-hercules-ah/djcontrolinpulse500/djuced-midi.html | ni-hercules-ah/djcontrolinpulse500/djuced-midi.html,https://support.hercules.com/en/product/djcontrolinpulse500-en/ | https://ts.hercules.com/download/sound/manuals/DJC_Inpulse500/DJControlInpulse500_MIDI_Commands.pdf | https://ts.hercules.com/download/sound/manuals/DJC_Inpulse500/DJControl_Inpulse_500_User_Manual.pdf | https://www.djuced.com/kb/hercules-djcontrol-inpulse-500/ | https://www.djuced.com/kb/hercules-djcontrol-inpulse-500-manuel-et-controles-midi/
Hercules,DJControl Inpulse T7 / T7 Premium,partial,False,https://support.hercules.com/en/product/djcontrolinpulset7-en/,Official user manual/control descriptions archived; no complete manufacturer wire-address/LED chart found in the retrieved support resources. Software action mappings do not prove Note/CC values.,,ni-hercules-ah/djcontrolinpulset7/manifest.json,ni-hercules-ah/djcontrolinpulset7/support.html | ni-hercules-ah/djcontrolinpulset7/manual.pdf | ni-hercules-ah/djcontrolinpulset7/djuced-midi.html | ni-hercules-ah/djcontrolinpulset7/djuced-midi.html,https://support.hercules.com/en/product/djcontrolinpulset7-en/ | https://ts.hercules.com/download/sound/manuals/DJC_Inpulse_T7/DJC_INPULSE_T7_&_PREMIUM_USER_MANUAL_EN_FR_DE_DU_IT_ES_PT_RU_CS_TU_PL_SV_FI_SL_HU_AR_HE_AR_JP_ZH_KO.pdf | https://www.djuced.com/kb/hercules-djcontrol-inpulse-t7-mapping-and-manual/ | https://www.djuced.com/kb/hercules-djcontrol-inpulse-t7-manuel-et-controles-midi/
Hercules,DJControl Starlight,partial,False,https://support.hercules.com/en/product/djcontrolstarlight-en/,Official user manual/control descriptions archived; no complete manufacturer wire-address/LED chart found in the retrieved support resources. Software action mappings do not prove Note/CC values.,,ni-hercules-ah/djcontrolstarlight/manifest.json,ni-hercules-ah/djcontrolstarlight/support.html | ni-hercules-ah/djcontrolstarlight/manual.pdf,https://support.hercules.com/en/product/djcontrolstarlight-en/ | https://ts.hercules.com/download/sound/manuals/DJC_Starlight/How_To_Use_Hercules_DJControl_Starlight_-_En_Fr_De_Nl_It_Es_Pr_Ru_Cz_Tr_Pl_Zh_Ko_Ar.pdf
Korg,nanoKONTROL2,partial,False,https://www.korg.com/us/support/download/product/0/159/,"Parameter guide pp.4-9 CC mode and external LEDs; full MIDI Implementation revision1.00 sections1-4, especially339-byte scene parameter layout and Native KORG LED commands; one-page capability chart and owner manual inspected.",Protocol is detailed but full default control-number map still requires editor scene export or hardware capture. DAW modes can output pitchbend and use different protocols; do not treat capability chart as complete map.,performance/manifest.json,performance/korg-nanokontrol2/midi-implementation.txt | performance/korg-nanokontrol2/midi-chart.pdf | performance/korg-nanokontrol2/owner-guide.pdf | performance/korg-nanokontrol2/parameter-guide.pdf,https://cdn.korg.com/us/support/download/files/aeb2862daf0cb7db826d8c62f51ec28d.txt?response-content-disposition=attachment%3Bfilename%2A%3DUTF-8%27%27nanoKONTROL2_MIDIimp.txt&response-content-type=application%2Foctet-stream%3B | https://cdn.korg.com/us/support/download/files/902f10b95c3bac3b52113b0d8799a9e7.pdf?response-content-disposition=inline%3Bfilename%2A%3DUTF-8%27%27nanoKONTROL2_MIDI_Chart_E1.pdf&response-content-type=application%2Fpdf%3B | https://cdn.korg.com/us/support/download/files/b61f4da2e9b32e7825edc729e7d71a0d.pdf?response-content-disposition=inline%3Bfilename%2A%3DUTF-8%27%27nanoKONTROL2_OM_EFGSCJ2.pdf&response-content-type=application%2Fpdf%3B | https://cdn.korg.com/us/support/download/files/c8d0cd6808e12d3672845cadcdbbfe9b.pdf?response-content-disposition=inline%3Bfilename%2A%3DUTF-8%27%27nanoKONTROL2_PG_E1.pdf&response-content-type=application%2Fpdf%3B
Native Instruments,Traktor Kontrol F1,partial,False,https://docs.native-instruments.com/pdf-guides/traktor/traktor_kontrol_f1_manual_english.pdf,MIDI mode and configurable Controller Editor behavior documented. Ordinary MIDI requires the MIDI Mode preference; default User Map uses proprietary NHL. Need a pinned/exported Controller Editor template before assigning concrete addresses.,,ni-hercules-ah/f1/manifest.json,ni-hercules-ah/f1/manual.pdf | ni-hercules-ah/f1/controller-editor.pdf,https://docs.native-instruments.com/pdf-guides/traktor/traktor_kontrol_f1_manual_english.pdf | https://www.native-instruments.com/fileadmin/ni_media/downloads/manuals/Controller_Editor_Manual_English_2017_11.pdf
Native Instruments,Traktor Kontrol S2 MK3,partial,False,https://docs.native-instruments.com/pdf-guides/traktor/TRAKTOR_KONTROL_S2_MK3_Manual_English_1218.pdf,"Official support confirms fixed firmware MIDI mode: hold left FLX while connecting, disconnect to exit. Manual lacks control-address chart; do not apply S2 MK2 addresses.",,ni-hercules-ah/s2-mk3/manifest.json,ni-hercules-ah/s2-mk3/manual.pdf | ni-hercules-ah/shared/ni-midi-mode.html,https://docs.native-instruments.com/pdf-guides/traktor/TRAKTOR_KONTROL_S2_MK3_Manual_English_1218.pdf | https://support.native-instruments.com/support/solutions/articles/69000880031-native-instruments-switching-your-controller-to-midi-mode
Native Instruments,Traktor Kontrol S3,partial,False,https://docs.native-instruments.com/pdf-guides/traktor/TRAKTOR_KONTROL_S3_MK1_Manual_English_0120.pdf,"Official support confirms fixed firmware MIDI mode: hold left FLX while connecting, disconnect to exit. Manual lacks control-address chart. NI staff distinguishes fixed firmware messages from Controller Editor configuration.",,ni-hercules-ah/s3/manifest.json,ni-hercules-ah/s3/manual.pdf | ni-hercules-ah/shared/ni-midi-mode.html,https://docs.native-instruments.com/pdf-guides/traktor/TRAKTOR_KONTROL_S3_MK1_Manual_English_0120.pdf | https://support.native-instruments.com/support/solutions/articles/69000880031-native-instruments-switching-your-controller-to-midi-mode
Native Instruments,Traktor Kontrol S4 MK3,protocol-gap,False,https://docs.native-instruments.com/pdf-guides/traktor/TRAKTOR_KONTROL_S4_MK3_Manual_English_0719.pdf,"Owner manual describes native Traktor operation, not a MIDI address chart. NI employee MichaelK_NI explicitly confirms S4 MK3 never supported MIDI. Native overmapping is not proof of MIDI mode.",,ni-hercules-ah/s4-mk3/manifest.json,ni-hercules-ah/s4-mk3/manual.pdf | ni-hercules-ah/s4-mk3/ni-staff-midi-explanation.html,https://docs.native-instruments.com/pdf-guides/traktor/TRAKTOR_KONTROL_S4_MK3_Manual_English_0719.pdf | https://community.native-instruments.com/discussion/9022/why-does-the-s4mk3-still-not-have-midi-mode
Native Instruments,Traktor MX2,partial,False,https://docs.native-instruments.com/pdf-guides/traktor/Traktor_MX2_user_guide-en.pdf,Included because current official product page and downloads identify MX2. MIDI-mode support table says left SHIFT + right SHIFT; manual focuses on native Traktor behavior and has no numeric MIDI chart.,,ni-hercules-ah/mx2/manifest.json,ni-hercules-ah/mx2/manual.pdf | ni-hercules-ah/shared/ni-midi-mode.html,https://docs.native-instruments.com/pdf-guides/traktor/Traktor_MX2_user_guide-en.pdf | https://support.native-instruments.com/support/solutions/articles/69000880031-native-instruments-switching-your-controller-to-midi-mode
Native Instruments,Traktor X1 MK3,partial,False,https://docs.native-instruments.com/pdf-guides/traktor/Traktor_X1_MK3_Manual_English_0923.pdf,MIDI mode explicitly documented via SHIFT + Mode Select. No numeric address/channel/encoder/LED protocol table found in downloaded manual.,,ni-hercules-ah/x1-mk3/manifest.json,ni-hercules-ah/x1-mk3/manual.pdf,https://docs.native-instruments.com/pdf-guides/traktor/Traktor_X1_MK3_Manual_English_0923.pdf
Native Instruments,Traktor Z1 MK2,partial,False,https://docs.native-instruments.com/pdf-guides/traktor/Traktor_Z1_Manual_EN_30102024.pdf,Manual confirms MIDI mode via --- + menu buttons. Native four-deck switching does not establish MIDI layer addresses. No complete wire protocol table found.,,ni-hercules-ah/z1-mk2/manifest.json,ni-hercules-ah/z1-mk2/manual.pdf,https://docs.native-instruments.com/pdf-guides/traktor/Traktor_Z1_Manual_EN_30102024.pdf
Novation,Launch Control XL 3,ready-for-extraction,False,https://downloads.novationmusic.com/novation/launch-control-xl-3/launch-control-xl-3,"Programmer reference pp.5-17; p.9 address graphic visually checked; pp.9-10 input/relative modes, pp.11-15 feedback, pp.16-17 feature controls.",SXM cannot capture full screen/SysEx protocol. Source p.10 has overlapping Custom mode wording (8 vs9); p.17 global channel hexadecimal upper-bound typo conflicts with decimal. Preserve raw evidence and resolve those fields before implementation.,performance/manifest.json,performance/launch-control-xl-3/owner-guide.pdf | performance/launch-control-xl-3/programmer-reference-1.pdf,https://fael-downloads-prod.focusrite.com/customer/prod/downloads/launch_control_xl_3-pdf-en.pdf | https://fael-downloads-prod.focusrite.com/customer/prod/downloads/launch_control_xl_3_programmer_s_reference_guide-pdf_en.pdf
Novation,Launch Control XL MK1/MK2,partial,False,https://downloads.novationmusic.com/novation/launch/launch-control-xl-mk1mk2,Programmer reference pp.3-9; getting started guide supplied.,Excellent feedback specification but missing full factory input map; obtain template definitions or hardware capture before ready status.,performance/manifest.json,performance/launch-control-xl-legacy/programmer-reference.pdf | performance/launch-control-xl-legacy/supplemental-owner-guide.pdf,https://fael-downloads-prod.focusrite.com/customer/prod/downloads/launch_control_xl_programmer_s_reference_guide.pdf | https://fael-downloads-prod.focusrite.com/customer/prod/s3fs-public/downloads/Launch%20Control%20XL%20GSG%20v2.pdf
Novation,Launchpad Mini MK3,ready-for-extraction,False,https://downloads.novationmusic.com/novation/launchpad-mk3/launchpad-mini-mk3-0,Programmer reference pp.6-15; owner guide pp.19-23; default and Programmer layout diagrams.,Extract a mode-specific input map. SysEx and RGB feedback require richer representation.,performance/manifest.json,performance/launchpad-mini-mk3/owner-guide.pdf | performance/launchpad-mini-mk3/programmer-reference-1.pdf,https://fael-downloads-prod.focusrite.com/customer/prod/downloads/launchpad_mini_user_guide_v2-pdf-en.pdf | https://fael-downloads-prod.focusrite.com/customer/prod/s3fs-public/downloads/Launchpad%20Mini%20-%20Programmers%20Reference%20Manual.pdf
Novation,Launchpad Pro MK3,ready-for-extraction,False,https://downloads.novationmusic.com/novation/launchpad-mk3/launchpad-pro-mk3-0,Programmer reference pp.6-13; programmer layout p.8; DAW mode pp.14-18; owner guide Custom modes pp.29-32 and Appendix pp.59-62.,"Extract the fixed Programmer mode separately; custom templates require captured configuration. RGB, SysEx and aftertouch must not be forced into SXM Note/CC fields.",performance/manifest.json,performance/launchpad-pro-mk3/owner-guide.pdf | performance/launchpad-pro-mk3/programmer-reference-1.pdf,https://fael-downloads-prod.focusrite.com/customer/prod/s3fs-public/downloads/Launchpad%20Pro%20User%20Guide.pdf | https://fael-downloads-prod.focusrite.com/customer/prod/s3fs-public/downloads/LPP3_prog_ref_guide_200415.pdf
Novation,Launchpad X,ready-for-extraction,False,https://downloads.novationmusic.com/novation/launchpad-mk3/launchpad-x,"Programmer reference pp.6-15, particularly graphic map p.10 (visually inspected); owner guide default maps pp.37-39.",Retain MIDI versus DAW port and mode. Custom mode changes invalidate default assumptions; RGB SysEx and pressure exceed a plain Note/CC map.,performance/manifest.json,performance/launchpad-x/programmer-reference.pdf | performance/launchpad-x/owner-guide-1.pdf,https://fael-downloads-prod.focusrite.com/customer/prod/s3fs-public/downloads/Launchpad%20X%20-%20Programmers%20Reference%20Manual.pdf | https://fael-downloads-prod.focusrite.com/customer/prod/downloads/launchpad_x_user_guide_v2_en.pdf
Numark,Mixtrack Platinum FX,protocol-gap,False,https://www.numark.com/product/mixtrack-platinum-fx,USB MIDI documented; capacitive jog and display operation described without receive protocol.,"No complete manufacturer Note/CC address/channel chart or LED receive protocol was located in acquired documentation. Do not infer from USB MIDI compatibility or Serato mapping.; Deck/layer changes, jog resolution, displays, encoders and LED feedback need independent protocol documentation or hardware capture.",inmusic/manifest.json,inmusic/mixtrack-platinum-fx/MixTrackPlatinumFX-UserGuide-v1.2.pdf,https://cdn.inmusicbrands.com/Numark/vAC9uYWEnT/mtplfx/MixTrackPlatinumFX-UserGuide-v1.2.pdf
Numark,Mixtrack Pro FX,protocol-gap,False,https://www.numark.com/product/mixtrack-pro-fx,USB MIDI documented; pad modes described without address implementation.,"No complete manufacturer Note/CC address/channel chart or LED receive protocol was located in acquired documentation. Do not infer from USB MIDI compatibility or Serato mapping.; Deck/layer changes, jog resolution, displays, encoders and LED feedback need independent protocol documentation or hardware capture.",inmusic/manifest.json,inmusic/mixtrack-pro-fx/MixTrackProFX-UserGuide-v1.2.pdf,https://cdn.inmusicbrands.com/Numark/vAC9uYWEnT/mtprfx/MixTrackProFX-UserGuide-v1.2.pdf
Numark,NS4FX,protocol-gap,False,https://www.numark.com/product/ns4fx,"USB sends MIDI data to software. Pad modes and deck Layer functions described, with no address implementation.","No complete manufacturer Note/CC address/channel chart or LED receive protocol was located in acquired documentation. Do not infer from USB MIDI compatibility or Serato mapping.; Deck/layer changes, jog resolution, displays, encoders and LED feedback need independent protocol documentation or hardware capture.",inmusic/manifest.json,inmusic/ns4fx/NS4_FX_-_User_Guide_-_v1.3.pdf,https://www.numark.com/images/product_downloads/NS4_FX_-_User_Guide_-_v1.3.pdf
Numark,NS6II,protocol-gap,False,https://www.numark.com/product/ns6ii,Channel controls send MIDI only when Input Selector is PC; legacy user guide and quickstart both acquired.,"No complete manufacturer Note/CC address/channel chart or LED receive protocol was located in acquired documentation. Do not infer from USB MIDI compatibility or Serato mapping.; Deck/layer changes, jog resolution, displays, encoders and LED feedback need independent protocol documentation or hardware capture.",inmusic/manifest.json,inmusic/ns6ii/NS6II_-_Quickstart_Guide_-_v1.1.pdf | inmusic/ns6ii/NS6II-UserGuide-v1.1.pdf,https://www.numark.com/images/product_downloads/NS6II_-_Quickstart_Guide_-_v1.1.pdf | https://www.numark.com/images/product_downloads/NS6II-UserGuide-v1.1.pdf
Pioneer DJ,DDJ-FLX10,ready-for-extraction,False,https://support.alphatheta.com/en-US/articles/16716272919193,MIDI chart pp.1–7: numbered physical diagram; channel allocation; browse/transport/mixer/FX/pad and host feedback tables. Owner manual p179: other DJ software.,"Extract well-defined Note/CC controls and supported feedback first. Paired MSB/LSB pots/faders, pad/Shift channel groups, rich color feedback and jog/display behavior need richer schema or explicit exclusions.",pioneer-alphatheta/manifest.json,pioneer-alphatheta/ddj-flx10/owner-manual.pdf | pioneer-alphatheta/ddj-flx10/midi-implementation.pdf,https://downloads.support.alphatheta.com/manuals/DDJ_FLX10_DRI1822D_manual.pdf | https://downloads.support.alphatheta.com/software_info/dj-controllers/DDJ-FLX10/DDJ-FLX10_MIDI_Message_List_E1.pdf
Pioneer DJ,DDJ-FLX4,ready-for-extraction,False,https://support.alphatheta.com/en-US/articles/12267724407961,"MIDI chart pp.1–5: deck, mixer, browse, FX, performance-pad send/receive and settings. Owner manual p161: other DJ software.","Preserve 0x40-centered jog encoding, paired tempo CCs, Shift/pad modes. Chart p5 says BEAT SYNC transmits on release and FX ON/OFF lights/blinks with special receive semantics; do not assume every button uses identical press/LED rules. Vinyl mode is host-controlled.",pioneer-alphatheta/manifest.json,pioneer-alphatheta/ddj-flx4/owner-manual.pdf | pioneer-alphatheta/ddj-flx4/midi-implementation.pdf,https://downloads.support.alphatheta.com/manuals/DDJ_FLX4_DRI1804A_manual.pdf | https://downloads.support.alphatheta.com/software_info/dj-controllers/DDJ-FLX4/DDJ-FLX4_MIDI_message_List_E1.pdf
Pioneer DJ,DDJ-REV5,ready-for-extraction,False,https://support.alphatheta.com/en-US/articles/21326568940057,"MIDI chart pp.1–9: browse/transport/mixer/FX/pad maps with Shift, deck groups, send/receive values. Owner p131: MIDI MODE.",Paired high-resolution CCs and multiple performance-pad channels/modes exceed current simple profiles. Start with explicitly scoped transport/buttons and ordinary CCs; preserve color-number feedback limits.,pioneer-alphatheta/manifest.json,pioneer-alphatheta/ddj-rev5/owner-manual.pdf | pioneer-alphatheta/ddj-rev5/midi-implementation.pdf,https://downloads.support.alphatheta.com/manuals/DDJ_REV5_DRI1872B_manual.pdf | https://downloads.support.alphatheta.com/software_info/dj-controllers/DDJ-REV5/DDJ-REV5_MIDI_message_List_E1.pdf
Pioneer DJ,DDJ-REV7,ready-for-extraction,False,https://support.alphatheta.com/en-US/articles/4414650995737,"Current MIDI list E2 pp.1–7, not search-indexed older E1: channels, controls, FX modes, pad feedback. Owner pp101/105: AUTO/GENERAL MIDI mode and other DJ software.","Use E2 revision. Motorized platter and display integration is not established by a scalar control profile. Preserve hardware-only entries, FX-dependent controls, paired CCs and RGB feedback.",pioneer-alphatheta/manifest.json,pioneer-alphatheta/ddj-rev7/owner-manual.pdf | pioneer-alphatheta/ddj-rev7/midi-implementation.pdf,https://downloads.support.alphatheta.com/manuals/DDJ_REV7_DRI1713D_manual.pdf | https://downloads.support.alphatheta.com/software_info/dj-controllers/DDJ-REV7/DDJ-REV7_MIDI_message_List_E2.pdf
Pioneer DJ,DJM-A9,ready-for-extraction,False,https://support.alphatheta.com/en-US/articles/15916598774553,MIDI chart p1 diagram; pp2–6 transmit control matrix. Owner p57 USB/MIDI; p80 MIDI channel and transmission method settings.,"Good transmit-only profile candidate for ordinary mixer controls. The acquired chart does not define general host LED receive control. TIME uses an MSB/LSB pair and Timing Clock F8 is a system message, not a Note/CC. Owner p58: timing clock and START/STOP continue even with MIDI ON/OFF off; this is a documented transmit subset, not proof the hardware cannot receive MIDI.",pioneer-alphatheta/manifest.json,pioneer-alphatheta/djm-a9/owner-manual.pdf | pioneer-alphatheta/djm-a9/midi-implementation.pdf,https://downloads.support.alphatheta.com/manuals/DJM_A9_DRI1785B_manual.pdf | https://downloads.support.alphatheta.com/midi-mapping/dj-mixers/DJM-A9/DJM-A9_MIDI_Message_List_E_10.pdf
Pioneer DJ,DJM-S11,ready-for-extraction,False,https://support.alphatheta.com/en-US/articles/4404665542425,"MIDI chart p1 diagram; pp2–9 channel allocation, mixer, FX, pad/mode and receive tables. Manufacturer MIDI support page requires appropriate other-software utility setting.",Mode-dependent pad/FX controls and paired high-resolution CCs need scoped extraction; do not claim full touchscreen/Serato/native feature emulation.,pioneer-alphatheta/manifest.json,pioneer-alphatheta/djm-s11/owner-manual.pdf | pioneer-alphatheta/djm-s11/midi-implementation.pdf,https://downloads.support.alphatheta.com/manuals/DJM_S11_DRI1653B_manual.pdf | https://downloads.support.alphatheta.com/midi-mapping/dj-mixers/DJM-S11/DJM-S11_MIDI_Message_v100_E.pdf
Pioneer DJ,XDJ-RX3,ready-for-extraction,False,https://support.alphatheta.com/en-US/articles/4409181796121,"English MIDI chart pp.1–5: panel diagram, deck/mixer/pad/browse and LED/display tables.",Recovered English chart from current official support instead of the old Japanese search result. Exclude hardware-only entries; preserve pad layers/color numbers and jog/display semantics separately.,pioneer-alphatheta/manifest.json,pioneer-alphatheta/xdj-rx3/owner-manual.pdf | pioneer-alphatheta/xdj-rx3/midi-implementation.pdf,https://downloads.support.alphatheta.com/manuals/XDJ_RX3_DRI1702C_manual.pdf | https://downloads.support.alphatheta.com/software_info/all-in-one-dj-systems/XDJ-RX3/XDJ-RX3_MIDI_Message_List_E1.pdf
Rane,FOUR,protocol-gap,False,https://www.rane.com/downloads/,Deck source selects USB A/B MIDI destination; deck controls send MIDI only with source USB A or B. Custom pad mode is software MIDI-mappable.,"No complete manufacturer Note/CC address/channel chart or LED receive protocol was located in acquired documentation. Do not infer from USB MIDI compatibility or Serato mapping.; FOUR jogs are non-motorized. Jog data, screen feedback and hardware effects require separate protocol evidence; the owner guide does not establish scalar Note/CC mappings.",inmusic/manifest.json,inmusic/four/FOUR_-_User_Guide_-_v1.2.pdf,https://cdn.inmusicbrands.com/rane/four/FOUR%20-%20User%20Guide%20-%20v1.2.pdf
Rane,ONE,protocol-gap,False,https://www.rane.com/downloads/?legacy=true,Deck controls send MIDI only when deck source selector is USB A/B.,No complete manufacturer Note/CC address/channel chart or LED receive protocol was located in acquired documentation. Do not infer from USB MIDI compatibility or Serato mapping.; Motorized platter data requires separate protocol evidence; the owner guide does not establish scalar Note/CC mappings.,inmusic/manifest.json,inmusic/one/RANE-ONE-User-Guide-v1_5.pdf,https://cdn.inmusicbrands.com/rane/one/RANE-ONE-User-Guide-v1_5.pdf
Rane,PERFORMER,protocol-gap,False,https://www.rane.com/downloads/,Deck-source USB mode enables MIDI to chosen computer; guide describes on-device parameter encoder and displays without wire addresses.,"No complete manufacturer Note/CC address/channel chart or LED receive protocol was located in acquired documentation. Do not infer from USB MIDI compatibility or Serato mapping.; Motorized platter data, screen feedback and hardware effects require separate protocol evidence; the owner guide does not establish scalar Note/CC mappings.",inmusic/manifest.json,inmusic/performer/PERFORMER_-_User_Guide_-_v1.3.pdf,https://cdn.inmusicbrands.com/rane/performer/PERFORMER%20-%20User%20Guide%20-%20v1.3.pdf
Rane,SEVENTY-TWO MKII,protocol-gap,False,https://www.rane.com/downloads/?legacy=true,"Up to three custom pad sets via Serato hardware remapping; guide gives user operation, not protocol identifiers.","No complete manufacturer Note/CC address/channel chart or LED receive protocol was located in acquired documentation. Do not infer from USB MIDI compatibility or Serato mapping.; Touchscreen feedback, hardware effects and DVS audio behavior require separate protocol evidence; the owner guide does not establish scalar Note/CC mappings.",inmusic/manifest.json,inmusic/seventy-two-mkii/Seventy-Two_MKII-UserGuide-v1.4.pdf,https://cdn.inmusicbrands.com/rane/seventy-twoMKII/Seventy-Two_MKII-UserGuide-v1.4.pdf
Rane,TWELVE MKII,protocol-gap,False,https://www.rane.com/downloads/?product=Twelve%20MKII,"Owner guide recovered from official CDN. USB mode and DVS audio mode are distinct; manufacturer recommends RCA for DVS platter control alongside USB for Browse, Load/Instant Doubles and Hot Cues. Touch Strip switches Needle Drop/Hot Cue modes, and Deck Select chooses software deck.","No control address/channel or LED receive implementation chart appears in the owner guide.; DVS platter timecode is audio, outside scalar MIDI profiles. USB motorized-platter precision and screen protocol are not specified; do not infer scalar maps from behavior.",inmusic/manifest.json,inmusic/twelve-mkii/Twelve_MKII-UserGuide-v1.1.pdf,https://cdn.inmusicbrands.com/rane/twelveMKII/Twelve_MKII-UserGuide-v1.1.pdf
Reloop,Buddy,protocol-gap,False,https://www.reloop.com/reloop-buddy,English pp.2-6,Owner manual and general MIDI capability do not provide a full map. Request manufacturer control protocol or capture hardware messages; do not infer addresses from control numbers or MIDI clock output.,performance/manifest.json,performance/buddy/owner-guide.pdf,https://www.reloop.com/media/custom/upload/Reloop-243599_Reloop_IM.pdf
Reloop,Mixon 8 Pro,protocol-gap,False,https://www.reloop.com/reloop-mixon-8-pro,English pp.4-12,Owner manual and general MIDI capability do not provide a full map. Request manufacturer control protocol or capture hardware messages; do not infer addresses from control numbers or MIDI clock output.,performance/manifest.json,performance/mixon-8-pro/owner-guide.pdf,https://www.reloop.com/media/catalog/product/pdf/2/4/4/244789_Reloop_IM.pdf
Reloop,Neon,partial,False,https://www.reloop.com/reloop-neon,MIDI chart pp.1-9 (p.1 visually inspected); owner quick-start English pp.5-8.,Unspecified encoder pp values and RGB/LED value semantics need verification; chart has suspected copy errors (e.g. repeated Deck C/D SYNC addresses). Aftertouch messages are outside Note/CC schema.,performance/manifest.json,performance/neon/owner-guide.pdf | performance/neon/midi-chart-1.pdf,https://www.reloop.com/media/custom/upload/Reloop-232520_Reloop_IM.pdf | https://www.reloop.com/media/custom/upload/Reloop-NEON_MIDI-Map.pdf
Reloop,Ready,protocol-gap,False,https://www.reloop.com/reloop-ready,English pp.2-7,Owner manual and general MIDI capability do not provide a full map. Request manufacturer control protocol or capture hardware messages; do not infer addresses from control numbers or MIDI clock output.,performance/manifest.json,performance/ready/owner-guide.pdf,https://www.reloop.com/media/catalog/product/pdf/2/4/3/243598_Reloop_IM.pdf
Roland,DJ-202,protocol-gap,False,https://www.roland.com/global/support/by_product/dj-202/owners_manuals/,Owner pp.4-7; supplemental Operating the DJ-202 guide supplied,Owner manual and general MIDI capability do not provide a full map. Request manufacturer control protocol or capture hardware messages; do not infer addresses from control numbers or MIDI clock output.,performance/manifest.json,performance/dj-202/owner-guide.pdf | performance/dj-202/supplemental-owner-guide.pdf,https://static.roland.com/assets/media/pdf/DJ-202_Startup_Guide_eng03_W.pdf | https://static.roland.com/assets/media/pdf/DJ-202_eng03_W.pdf
Roland,DJ-505,protocol-gap,False,https://www.roland.com/global/support/by_product/dj-505/owners_manuals/,"Owner pp.5-9,21-23 (other-software section p.21)",Owner manual and general MIDI capability do not provide a full map. Request manufacturer control protocol or capture hardware messages; do not infer addresses from control numbers or MIDI clock output.,performance/manifest.json,performance/dj-505/owner-guide.pdf,https://static.roland.com/assets/media/pdf/DJ-505_eng02_W.pdf
Roland,DJ-808,protocol-gap,False,https://www.roland.com/global/support/by_product/dj-808/owners_manuals/,"Owner pp.5-10,21-22 (other-software section p.21)",Owner manual and general MIDI capability do not provide a full map. Request manufacturer control protocol or capture hardware messages; do not infer addresses from control numbers or MIDI clock output.,performance/manifest.json,performance/dj-808/owner-guide.pdf,https://static.roland.com/assets/media/pdf/DJ-808_eng03_W.pdf
